{"intrinsic": [900.0, 0.0, 632.0, 0.0, 947.0, 353.238830566, 0.0, 0.0, 1.0], "extrinsic": [-0.02843073341999519, -0.9989870879995886, -0.03487823687206287, 0.42, 0.03589822255667369, 0.03384942975388411, -0.9987820251299123, -0.0, 0.998950955259803, -0.029648172210769208, 0.034899496702500976, -0.15, 0.0, 0.0, 0.0, 1.0], "distcoeff": [0.08317243151365598, -0.1712851475256925, -0.0011196828169276873, 0.0010794598014791988, 0.0]}