{"intrinsic": [918.6663208, 0.0, 630.0, 0.0, 919.035034, 363.238830566, 0.0, 0.0, 1.0], "extrinsic": [-0.010016598436708268, -0.9988405178221579, -0.04708808461300862, 0.08, 0.028423241726222348, 0.04678701690965234, -0.9985004228233803, -0.1, 0.9995457903895804, -0.011339973785685575, 0.027921638723568787, 0.01, 0.0, 0.0, 0.0, 1.0], "distcoeff": [0.08317243151365598, -0.1712851475256925, -0.0011196828169276873, 0.0010794598014791988, 0.0]}